year,SPEI12
2015,2.094495677
2016,1.179600837
2017,-0.106154584
2018,-0.604750081
2019,0.28256498
2020,1.008767257